Author,Title,section,num_of_pages,Dar_elNasher,book_size,sours_Description,word_Description
الكاتب محمد بن إسماعيل البخاري,كتاب القول الجلي ,كتب اسلامية , 624 صفحة, دار الصديق, 11.2 ميغابايت,    ملخص كتاب القول الجلي     تلخيص كتاب القول الجلي   للكاتب محمد بن اسماعيل البخاري  كتاب القول الجلي   للكاتب محمد بن اسماعيل البخاري ضمن فيه الإمام البخاري  أبواباً من الآداب النبوية والأخلاق المحمدية ورتبها ترتيباً متقاً فهو بهذا يعدّ مصدراً حافلاً بالكرائم المحمدية السامية المباركة، ومادة أصيلة في الآداب الإسلامية الكريمة. فالكتاب في الآداب النبوية التربوية التي تحثّ الأمة على الاتصاف والتحلي بها، لتكون في آدابها وأخلاقها وعاداتها على منهج قويم ومسلك سليم. تَقِيُّ الدِّينِ أَبُو الْعَبَّاسِ أَحْمَدُ بْنُ عَبْدِ الْحَلِيمِ بْنِ عَبْدِ السَّلَامِ النُّمَيْرِيُّ الْحَرَّانِيُّ (661 هـ – 728هـ/1263م – 1328م) المشهور باسم ابن تيميَّة. هو فقيه ومحدث ومفسر وفيلسوف ومتكلم وعالم مسلم مجتهد من علماء أهل السنة والجماعة. وهو أحد أبرز العلماء المسلمين خلال النصف الثاني من القرن السابع والثلث الأول من القرن الثامن الهجري.  كتاب القول الجلي   ,"['لخص', 'كتب', 'قول', 'جلي', 'حمد', 'بن', 'اعل', 'بخر', 'امم', 'بوب', 'ادب', 'نبي', 'خلق', 'رتب', 'ريب', 'تقا', 'يعد', 'صدر', 'حفل', 'كرم', 'سمي', 'مباركة،', 'ومد', 'صيل', 'سلم', 'ربو', 'تحث', 'امة', 'تصف', 'تحل', 'به،', 'لتك', 'أخلاق', 'وعد', 'نهج', 'قوم', 'مسل', 'تقي', 'دين', 'ابو', 'عبس', 'عبد', 'حلم', 'نمر', 'حرا', '661', 'هـ', '728هـ/1263م', '1328م', 'شهر', 'بسم', 'ابن', 'يمي', 'فقه', 'حدث', 'فسر', 'لسف', 'تكلم', 'علم', 'جهد', 'علماء', 'اهل', 'سنة', 'جمع', 'برز', 'نصف', 'قرن', 'سبع', 'ثلث', 'اول', 'ثمن', 'هجر']"
الكاتب محمد بن إسماعيل البخاري,كتاب التاريخ الكبير ج 1 ,كتب اسلامية , 480 صفحة, دار الصديق, 9.4 ميغابايت,    ملخص كتاب التاريخ الكبير ج 1     تلخيص كتاب التاريخ الكبير ج 1   للكاتب محمد بن اسماعيل البخاري  كتاب التاريخ الكبير ج 1   للكاتب محمد بن اسماعيل البخاري ضمن فيه الإمام البخاري  أبواباً من الآداب النبوية والأخلاق المحمدية ورتبها ترتيباً متقاً فهو بهذا يعدّ مصدراً حافلاً بالكرائم المحمدية السامية المباركة، ومادة أصيلة في الآداب الإسلامية الكريمة. فالكتاب في الآداب النبوية التربوية التي تحثّ الأمة على الاتصاف والتحلي بها، لتكون في آدابها وأخلاقها وعاداتها على منهج قويم ومسلك سليم. يمثل كتاب التاريخ الكبير- ت محمد عبد المعيد خان أهمية خاصة لدى باحثي التراجم والأعلام؛ حيث يندرج كتاب التاريخ الكبير- ت محمد عبد المعيد خان ضمن نطاق مؤلفات التراجم وما يرتبط بها من فروع الفكر الاجتماعي والثقافة.  كتاب التاريخ الكبير ج 1   ,"['لخص', 'كتب', 'ارخ', 'كبر', 'حمد', 'بن', 'اعل', 'بخر', 'امم', 'بوب', 'ادب', 'نبي', 'خلق', 'رتب', 'ريب', 'تقا', 'يعد', 'صدر', 'حفل', 'كرم', 'سمي', 'مباركة،', 'ومد', 'صيل', 'سلم', 'ربو', 'تحث', 'امة', 'تصف', 'تحل', 'به،', 'لتك', 'أخلاق', 'وعد', 'نهج', 'قوم', 'مسل', 'مثل', 'كبير-', 'عبد', 'عيد', 'خان', 'همي', 'بحث', 'رجم', 'علم؛', 'درج', 'نطق', 'ؤلف', 'وما', 'ربط', 'فرع', 'فكر', 'جمع', 'ثقف']"
الكاتب صالح أحمد الشامي,كتاب من معين السيرة ,كتب اسلامية , 590 صفحة, الدار الاسلامي, 66 ميغابايت,    ملخص كتاب من معين السيرة     تحميل رواية عربي الروايات والكتب العربية تعتبر من الروابط بيننا وبين تاريخنا كعرب او بيننا وبين اللغة العربية، وبين تاريخنا واحداث هذا التاريخ، الروايات العربية الي الان ومع تقدم العصور والتكنولوجيا لازالت قائمة وحاضرة تلخيص كتاب من معين السيرة للكاتب صالح أحمد الشامي  : كتاب من معين السيرة للكاتب صالح أحمد الشامي: في تاريخ الإنسانية عظماء، كانت عظمتهم مستمدة من وحي الله تعالى لهم، فكان تاريخهم ملكاً للإنسانية كلها، لأنهم مصادر الإشعاع فيها على امتداد أيامها، لا في تاريخ أمة معينة أو تاريخ قومية ما. فكان من تعاليمهم تحرير “الإنسان” من كل العبوديات سوى عبوديته لله تعالى، وكان منها تنمية خصال الخير فيه كلها ومكافحة ميول الشر والهوى. وعلى رأس هؤلاء وأولئك، صاحب هذه السيرة، سيدنا محمد صلى الله عليه وسلم الذي اختاره الله تعالى ليكون أمام الأنبياء وخاتمهم، وليكون نموذجاً للإنسان، عبداً لله، كتاب من معين السيرة   ,"['لخص', 'كتب', 'عين', 'سير', 'حمل', 'روي', 'عرب', 'عبر', 'ربط', 'بين', 'ارخ', 'كعرب', 'لغة', 'عربية،', 'حدث', 'ريخ،', 'قدم', 'عصر', 'كنولوج', 'ازل', 'قئم', 'حضر', 'صلح', 'حمد', 'شمي', 'سان', 'عظماء،', 'عظم', 'مدة', 'وحي', 'الل', 'على', 'هم،', 'لكا', 'كلها،', 'لأن', 'صدر', 'شعع', 'مدد', 'مه،', 'امة', 'قوم', 'علم', 'حرر', 'انس', 'عبد', 'لله', 'عالى،', 'نمي', 'خصل', 'خير', 'كله', 'كفح', 'يول', 'لشر', 'هوى', 'رأس', 'أولئك،', 'صحب', 'رة،', 'سيد', 'صلى', 'سلم', 'خار', 'ليك', 'بيء', 'وخاتمهم،', 'ولك', 'وذج', 'سن،', 'له،']"
الكاتب محمد بن إسماعيل البخاري,كتاب التاريخ الصغير ,كتب اسلامية , 407 صفحة, دار الصديق, 1.39 ميغابايت,    ملخص كتاب التاريخ الصغير     تلخيص كتاب التاريخ الصغير   للكاتب محمد بن اسماعيل البخاري  كتاب التاريخ الصغير   للكاتب محمد بن اسماعيل البخاري ضمن فيه الإمام البخاري  أبواباً من الآداب النبوية والأخلاق المحمدية ورتبها ترتيباً متقاً فهو بهذا يعدّ مصدراً حافلاً بالكرائم المحمدية السامية المباركة، ومادة أصيلة في الآداب الإسلامية الكريمة. فالكتاب في الآداب النبوية التربوية التي تحثّ الأمة على الاتصاف والتحلي بها، لتكون في آدابها وأخلاقها وعاداتها على منهج قويم ومسلك سليم. كتاب مختصر من تاريخ النبي صلى الله عليه وسلم والمهاجرين والأنصار وطبقات التابعين لهم بإحسان ومن بعدهم ووفاتهم وبعض نسبهم وكناهم ومن يرغب في حديثه وقد استفاض أنساب قوم عند أهليهم فتداولوها وعرفها الناس بشهرتها فإن تنازعوا في شيء منها احتج حينئذ إلى البيان والحجة.  كتاب التاريخ الصغير   ,"['لخص', 'كتب', 'ارخ', 'صغر', 'حمد', 'بن', 'اعل', 'بخر', 'امم', 'بوب', 'ادب', 'نبي', 'خلق', 'رتب', 'ريب', 'تقا', 'يعد', 'صدر', 'حفل', 'كرم', 'سمي', 'مباركة،', 'ومد', 'صيل', 'سلم', 'ربو', 'تحث', 'امة', 'تصف', 'تحل', 'به،', 'لتك', 'أخلاق', 'وعد', 'نهج', 'قوم', 'مسل', 'خصر', 'صلى', 'الل', 'هجر', 'صار', 'طبق', 'تبع', 'إحس', 'بعد', 'وفت', 'بعض', 'نسب', 'وكن', 'رغب', 'حدث', 'فاض', 'ساب', 'اهل', 'داولو', 'عرف', 'ناس', 'شهر', 'نزع', 'شيء', 'حتج', 'حينئذ', 'بين', 'حجة']"
الكاتب محمد بن إسماعيل البخاري,كتاب القراءة خلف الإمام ,كتب اسلامية , 46 صفحة, دار الصديق, 358.96 كيلو بايت ميغابايت,    ملخص كتاب القراءة خلف الإمام     تلخيص كتاب القراءة خلف الإمام   للكاتب محمد بن اسماعيل البخاري  كتاب القراءة خلف الإمام   للكاتب محمد بن اسماعيل البخاري ضمن فيه الإمام البخاري  أبواباً من الآداب النبوية والأخلاق المحمدية ورتبها ترتيباً متقاً فهو بهذا يعدّ مصدراً حافلاً بالكرائم المحمدية السامية المباركة، ومادة أصيلة في الآداب الإسلامية الكريمة. فالكتاب في الآداب النبوية التربوية التي تحثّ الأمة على الاتصاف والتحلي بها، لتكون في آدابها وأخلاقها وعاداتها على منهج قويم ومسلك سليم.  كتاب القراءة خلف الإمام   ,"['لخص', 'كتب', 'قرء', 'امم', 'حمد', 'بن', 'اعل', 'بخر', 'بوب', 'ادب', 'نبي', 'خلق', 'رتب', 'ريب', 'تقا', 'يعد', 'صدر', 'حفل', 'كرم', 'سمي', 'مباركة،', 'ومد', 'صيل', 'سلم', 'ربو', 'تحث', 'امة', 'تصف', 'تحل', 'به،', 'لتك', 'أخلاق', 'وعد', 'نهج', 'قوم', 'مسل']"
الكاتب محمد بن إسماعيل البخاري,كتاب الضعفاء الصغير ,كتب اسلامية , 53 صفحة, عالم الكتب للطباعة والنشر والتوزيع, 253.77 كيلو بايت ميغابايت,    ملخص كتاب الضعفاء الصغير     تلخيص كتاب الضعفاء الصغير   للكاتب محمد بن اسماعيل البخاري  كتاب الضعفاء الصغير   للكاتب محمد بن اسماعيل البخاري ضمن فيه الإمام البخاري  أبواباً من الآداب النبوية والأخلاق المحمدية ورتبها ترتيباً متقاً فهو بهذا يعدّ مصدراً حافلاً بالكرائم المحمدية السامية المباركة، ومادة أصيلة في الآداب الإسلامية الكريمة. فالكتاب في الآداب النبوية التربوية التي تحثّ الأمة على الاتصاف والتحلي بها، لتكون في آدابها وأخلاقها وعاداتها على منهج قويم ومسلك سليم. علم الجرح والتعديل هو علم يُبحث فيه عن جرح الرواة وتعديلهم بألفاظ مخصوصة. هذا العلم من فروع علم رجال الأحاديث، وللإمام البخاري منهج واضح في كتبه التي ألفها عن الرجال فهو يبتعد عن الإطالة وكثرة الأخبار وهو لا يترجم إلا لهدف محدد هو خدمة الحديث.  كتاب الضعفاء الصغير   ,"['لخص', 'كتب', 'ضعفاء', 'صغر', 'حمد', 'بن', 'اعل', 'بخر', 'امم', 'بوب', 'ادب', 'نبي', 'خلق', 'رتب', 'ريب', 'تقا', 'يعد', 'صدر', 'حفل', 'كرم', 'سمي', 'مباركة،', 'ومد', 'صيل', 'سلم', 'ربو', 'تحث', 'امة', 'تصف', 'تحل', 'به،', 'لتك', 'أخلاق', 'وعد', 'نهج', 'قوم', 'مسل', 'جرح', 'عدل', 'بحث', 'روة', 'ألفاظ', 'خصص', 'علم', 'فرع', 'رجل', 'حاديث،', 'وضح', 'الف', 'بعد', 'طلة', 'كثر', 'خبر', 'رجم', 'الا', 'هدف', 'حدد', 'خدم', 'حدث']"
الكاتب محمد بن إسماعيل البخاري,كتاب خلق أفعال العباد ,كتب اسلامية , 97 صفحة, دار الصديق, 462.92 كيلو بايت ميغابايت,    ملخص كتاب خلق أفعال العباد     تلخيص كتاب خلق أفعال العباد   للكاتب محمد بن اسماعيل البخاري  كتاب خلق أفعال العباد   للكاتب محمد بن اسماعيل البخاري ضمن فيه الإمام البخاري  أبواباً من الآداب النبوية والأخلاق المحمدية ورتبها ترتيباً متقاً فهو بهذا يعدّ مصدراً حافلاً بالكرائم المحمدية السامية المباركة، ومادة أصيلة في الآداب الإسلامية الكريمة. فالكتاب في الآداب النبوية التربوية التي تحثّ الأمة على الاتصاف والتحلي بها، لتكون في آدابها وأخلاقها وعاداتها على منهج قويم ومسلك سليم.  كتاب خلق أفعال العباد   ,"['لخص', 'كتب', 'خلق', 'فعل', 'عبد', 'حمد', 'بن', 'اعل', 'بخر', 'امم', 'بوب', 'ادب', 'نبي', 'رتب', 'ريب', 'تقا', 'يعد', 'صدر', 'حفل', 'كرم', 'سمي', 'مباركة،', 'ومد', 'صيل', 'سلم', 'ربو', 'تحث', 'امة', 'تصف', 'تحل', 'به،', 'لتك', 'أخلاق', 'وعد', 'نهج', 'قوم', 'مسل']"
الكاتب محمد بن إسماعيل البخاري,كتاب خير الكلام في القراءة ,كتب اسلامية , 66 صفحة, دار الصديق, 961.69 كيلو بايت ميغابايت,    ملخص كتاب خير الكلام في القراءة     تلخيص كتاب خير الكلام في القراءة   للكاتب محمد بن اسماعيل البخاري  كتاب خير الكلام في القراءة   للكاتب محمد بن اسماعيل البخاري ضمن فيه الإمام البخاري  أبواباً من الآداب النبوية والأخلاق المحمدية ورتبها ترتيباً متقاً فهو بهذا يعدّ مصدراً حافلاً بالكرائم المحمدية السامية المباركة، ومادة أصيلة في الآداب الإسلامية الكريمة. فالكتاب في الآداب النبوية التربوية التي تحثّ الأمة على الاتصاف والتحلي بها، لتكون في آدابها وأخلاقها وعاداتها على منهج قويم ومسلك سليم. حدثنا محمود قال حدثنا البخاري قال حدثنا قتيبة قال حدثنا سفيان عن جعفر بن علي بياع الأنماط عن أبي عثمان عن أبي هريرة قال: أمرني النبي صل الله عليه وسلم أن أنادي لا صلاة إلا بقراءة فاتحة الكتاب.  كتاب خير الكلام في القراءة   ,"['لخص', 'كتب', 'خير', 'كلم', 'قرء', 'حمد', 'بن', 'اعل', 'بخر', 'امم', 'بوب', 'ادب', 'نبي', 'خلق', 'رتب', 'ريب', 'تقا', 'يعد', 'صدر', 'حفل', 'كرم', 'سمي', 'مباركة،', 'ومد', 'صيل', 'سلم', 'ربو', 'تحث', 'امة', 'تصف', 'تحل', 'به،', 'لتك', 'أخلاق', 'وعد', 'نهج', 'قوم', 'مسل', 'حدث', 'قتب', 'سفي', 'جعفر', 'بيع', 'ماط', 'ابي', 'عثم', 'هرر', 'امر', 'صل', 'الل', 'ندي', 'صلة', 'الا', 'فتح']"
الكاتب محمد بن إسماعيل البخاري,كتاب رفع اليدين في الصلاة ,كتب اسلامية , 34 صفحة, دار الصديق, 188.33 كيلو بايت ميغابايت,    ملخص كتاب رفع اليدين في الصلاة     تلخيص كتاب رفع اليدين في الصلاة   للكاتب محمد بن اسماعيل البخاري  كتاب رفع اليدين في الصلاة   للكاتب محمد بن اسماعيل البخاري ضمن فيه الإمام البخاري  أبواباً من الآداب النبوية والأخلاق المحمدية ورتبها ترتيباً متقاً فهو بهذا يعدّ مصدراً حافلاً بالكرائم المحمدية السامية المباركة، ومادة أصيلة في الآداب الإسلامية الكريمة.فالكتاب في الآداب النبوية التربوية التي تحثّ الأمة على الاتصاف والتحلي بها، لتكون في آدابها وأخلاقها وعاداتها على منهج قويم ومسلك سليم.  كتاب رفع اليدين في الصلاة   ,"['لخص', 'كتب', 'رفع', 'يدن', 'صلة', 'حمد', 'بن', 'اعل', 'بخر', 'امم', 'بوب', 'ادب', 'نبي', 'خلق', 'رتب', 'ريب', 'تقا', 'يعد', 'صدر', 'حفل', 'كرم', 'سمي', 'مباركة،', 'ومد', 'صيل', 'سلم', 'كريمة.فالكتاب', 'ربو', 'تحث', 'امة', 'تصف', 'تحل', 'به،', 'لتك', 'أخلاق', 'وعد', 'نهج', 'قوم', 'مسل']"
الكاتب محمد بن إسماعيل البخاري,كتاب بر الوالدين ,كتب اسلامية , 84 صفحة, دار الصديق, 3.85 ميغابايت,    ملخص كتاب بر الوالدين     تلخيص كتاب بر الوالدين   للكاتب محمد بن اسماعيل البخاري  كتاب بر الوالدين   للكاتب محمد بن اسماعيل البخاري ضمن فيه الإمام البخاري  أبواباً من الآداب النبوية والأخلاق المحمدية ورتبها ترتيباً متقاً فهو بهذا يعدّ مصدراً حافلاً بالكرائم المحمدية السامية المباركة، ومادة أصيلة في الآداب الإسلامية الكريمة.فالكتاب في الآداب النبوية التربوية التي تحثّ الأمة على الاتصاف والتحلي بها، لتكون في آدابها وأخلاقها وعاداتها على منهج قويم ومسلك سليم. ومال البخاري إلى طلب العلم وحفظ الأحاديث وتحقيقها وهو حديث السنّ، فدخل الكتّاب صبيّاً فأخذ في حفظ القرآن الكريم وأمهات الكتب المعروفة في زمانه، حتى إذا بلغ العاشرة من عمره، بدأ في حفظ الحديث، والاختلاف إلى الشيوخ والعلماء، وملازمة حلقات الدروس.  كتاب بر الوالدين   ,"['لخص', 'كتب', 'بر', 'ولد', 'حمد', 'بن', 'اعل', 'بخر', 'امم', 'بوب', 'ادب', 'نبي', 'خلق', 'رتب', 'ريب', 'تقا', 'يعد', 'صدر', 'حفل', 'كرم', 'سمي', 'مباركة،', 'ومد', 'صيل', 'سلم', 'كريمة.فالكتاب', 'ربو', 'تحث', 'امة', 'تصف', 'تحل', 'به،', 'لتك', 'أخلاق', 'وعد', 'نهج', 'قوم', 'مسل', 'ومل', 'طلب', 'علم', 'حفظ', 'حاديث', 'حقق', 'حدث', 'سن،', 'دخل', 'صبا', 'أخذ', 'قرآ', 'وأم', 'عرف', 'زمانه،', 'بلغ', 'عشر', 'عمره،', 'بدأ', 'حديث،', 'خلف', 'شيخ', 'علماء،', 'لزم', 'حلق', 'درس']"
الكاتب محمد بن إسماعيل البخاري,كتاب الأدب المفرد ,اللغة العربية , 584 صفحة, دار الصديق, 10.14 ميغابايت,    ملخص كتاب الأدب المفرد     تلخيص كتاب الأدب المفرد   للكاتب محمد بن اسماعيل البخاري  كتاب الأدب المفرد   للكاتب محمد بن اسماعيل البخاري ضمن فيه الإمام البخاري  أبواباً من الآداب النبوية والأخلاق المحمدية ورتبها ترتيباً متقاً فهو بهذا يعدّ مصدراً حافلاً بالكرائم المحمدية السامية المباركة، ومادة أصيلة في الآداب الإسلامية الكريمة.فالكتاب في الآداب النبوية التربوية التي تحثّ الأمة على الاتصاف والتحلي بها، لتكون في آدابها وأخلاقها وعاداتها على منهج قويم ومسلك سليم. الأدب ما جاء في لسان العرب: “الأدب الذي يتأدب به الأديب من الناس وسمي أدباً لأنه يأدب الناس إلى المحامد وينهاهم عن المقابح. والمفرد: هو الواحد: أي الأدب المتعلق بشخص كل فرد من المسلمين في شؤون حياتهم اليومية التعبدية والمعيشية والمسلكية”.  كتاب الأدب المفرد   ,"['لخص', 'كتب', 'ادب', 'فرد', 'حمد', 'بن', 'اعل', 'بخر', 'امم', 'بوب', 'نبي', 'خلق', 'رتب', 'ريب', 'تقا', 'يعد', 'صدر', 'حفل', 'كرم', 'سمي', 'مباركة،', 'ومد', 'صيل', 'سلم', 'كريمة.فالكتاب', 'ربو', 'تحث', 'امة', 'تصف', 'تحل', 'به،', 'لتك', 'أخلاق', 'وعد', 'نهج', 'قوم', 'مسل', 'جاء', 'لسن', 'عرب', 'أدب', 'ناس', 'وسم', 'لأن', 'وين', 'قبح', 'وحد', 'تعلق', 'شخص', 'شؤن', 'حيت', 'يوم', 'عبد', 'عيش', 'سلك']"
الكاتب محمد عمارة,كتاب نظرة جديدة إلى التراث ,العقيدة تحميل , - صفحة, دار قتيبة, - ميغابايت,"    ملخص كتاب نظرة جديدة إلى التراث     تلخيص كتاب نظرة جديدة إلى التراث   : كتاب نظرة جديدة إلى التراث   يعتبر الكاتب محمد عمارة واحد من اهم المفكرين الاسلامين واشتهر بأسلوبه الفكري الفلسفي معظم كتبة في التحقيق الإسلامي والشخصيات الإسلامية ،فنجدة في كتاب نظرة جديدة إلى التراث   قد اهتم بإظهار الحقائق وبيان ما هو الصواب في هذا الكتاب كتاب نظرة جديدة إلى التراث   , يتحدث الكتاب عن حاجتنا الي نظرة جديدة علي التراث الاسلامي والنظر في سيرة الصحابة و التابعين , كان للكاتب محمد عمارة أسلوب مميز في اختيار كتبة والمواضيع التي يتناوله فيها ككتاب نظرة جديدة إلى التراث   هيا بنا نقراء كتاب نظرة جديدة إلى التراث   كتاب نظرة جديدة إلى التراث   نبذه عن كاتب كتاب نظرة جديدة إلى التراث   : الدكتور محمد عمارة واحد من اهم المفكرين الاسلامين في العصر وهو واحد من أعضاء جمعية البحوث والتحقيق الإسلامية في جامعة الازهر ولد الدكتور محمد عمارة في مركز قلين محافظة كفر الشيخ نشا الدكتور محمد عمارة علي حفظ القران الكريم كمان انه منذ سنة الصغير بدء نمو الروح الوطنية لدية والعربية كان في صحيفة مصر الفتاة وكان ذلك المقال بعنوان جهاد عن فلسطين حيث عرف عن الدكتور محمد روحه العربية العالية و دفاعة عن القضية الفلسطينية  اشتغل الدكتور محمد عماره في الصحافة مدة حيث نشر اول مقال له كان في صحيفة مصر الفتاة وكان ذلك المقال بعنوان في العلوم الإسلامية تخصص قسم الفلسفة الإسلامية من كليه دار العلوم جامعه القاهرة وذلك في عام 1975 كما انه كان حصل على الماجستير في العلوم الإسلامية تخصص الفلسفة من كليه دار العلوم وذلك في عام 1970 كما انه قد حصل على بكالوريوس اللغة العربية والعلوم الإسلامية كما انه كما انه خذ حقك كتب لإعلام اليقظة الفكرية الإسلامية كمثال محمد عبده وعبد الرحمن الكواكبي و جمال الدين الافغاني كما ان للدكتور محمد عماره كتب ومؤلفات عن اعلام التجديد الإسلامي الشيخ محمد الغزالي ورشيد رضا أبو الأعلى المودودي وسيد قطب حسن البنا كما ان له مؤلفات عن الصحابة كأمثال علي بن ابي طالب وغيرهم كما له أيضا مؤلفات عن تيار الفكر الإسلامي القديم والحديث والتراث الإسلامي مثل الحسن البصري وغيلان الدمشقي   احصل على اخر الكتب مجانا علي قناة التليجرام مباشرةً   ومن أواخر مؤلفاته في الفكر الحديث كتاب الخطاب الديني بين التجديد الإسلامي والتبديد الأمريكاني , و كتاب الشريعة الإسلامية و العلمانية الغربية , و ازمه الفكر الإسلامي الحديث , والابداع الفكري والخصيه الحضارية , وأين الصواب وغير ذلك من ال","['لخص', 'كتب', 'نظر', 'جدد', 'ترث', 'عبر', 'حمد', 'عمر', 'اهم', 'فكر', 'سلم', 'شهر', 'أسلوب', 'لسف', 'عظم', 'حقق', 'شخص', '،فنجد', 'هتم', 'إظهار', 'وبي', 'صوب', 'حدث', 'حجت', 'سير', 'صحب', 'تبع', 'سلب', 'ميز', 'خير', 'مواضيع', 'نول', 'ككتاب', 'بنا', 'قرء', 'نبذ', 'دكتور', 'عصر', 'عضء', 'جمع', 'بحث', 'زهر', 'ولد', 'ركز', 'قلن', 'حفظ', 'كفر', 'شيخ', 'نشا', 'قرن', 'كرم', 'كمن', 'صغر', 'بدء', 'نمو', 'روح', 'وطن', 'لدة', 'عرب', 'صحف', 'مصر', 'فتة', 'قال', 'عنو', 'جهد', 'لسط', 'عرف', 'علي', 'دفع', 'قضة', 'فلسطينية', 'شغل', 'مدة', 'نشر', 'علم', 'خصص', 'قسم', 'كله', 'دار', 'قهر', 'وذل', '1975', 'حصل', 'ماجستير', '1970', 'بكالوريوس', 'لغة', 'خذ', 'حقك', 'إعلام', 'يقظ', 'كمثال', 'عبد', 'رحم', 'ككب', 'جمل', 'دين', 'افغ', 'ؤلف', 'غزل', 'رشد', 'رضا', 'على', 'ودد', 'وسد', 'قطب', 'حسن', 'كأمثال', 'بن', 'ابي', 'طلب', 'وغر', 'تير', 'قدم', 'بصر', 'وغل', 'دمشق', 'اخر', 'مجا', 'قنة', 'جرم', 'بشر', 'وخر', 'خطب', 'بدد', 'امر', 'شرع', 'غرب', 'ازم', 'بدع', 'خصه', 'حضر', 'وأن']"
الكاتب محمد عمارة,كتاب تحديات لها تاريخ ,العقيدة تحميل , - صفحة, المؤسسة العربية, - ميغابايت,"    ملخص كتاب تحديات لها تاريخ     تلخيص كتاب تحديات لها تاريخ   : كتاب تحديات لها تاريخ   يعتبر الكاتب محمد عمارة واحد من اهم المفكرين الاسلامين واشتهر بأسلوبه الفكري الفلسفي معظم كتبة في التحقيق الإسلامي والشخصيات الإسلامية ،فنجدة في كتاب تحديات لها تاريخ   قد اهتم بإظهار الحقائق وبيان ما هو الصواب في هذا الكتاب كتاب تحديات لها تاريخ   , يتحدث الكتاب عن موقف الاسلام من التحديات التي واجهتة من اللحظة الاولي لظهورة حتي يومنا هذا  , كان للكاتب محمد عمارة أسلوب مميز في اختيار كتبة والمواضيع التي يتناوله فيها ككتاب تحديات لها تاريخ   هيا بنا نقراء كتاب تحديات لها تاريخ   كتاب تحديات لها تاريخ   نبذه عن كاتب كتاب تحديات لها تاريخ   : الدكتور محمد عمارة واحد من اهم المفكرين الاسلامين في العصر وهو واحد من أعضاء جمعية البحوث والتحقيق الإسلامية في جامعة الازهر ولد الدكتور محمد عمارة في مركز قلين محافظة كفر الشيخ نشا الدكتور محمد عمارة علي حفظ القران الكريم كمان انه منذ سنة الصغير بدء نمو الروح الوطنية لدية والعربية كان في صحيفة مصر الفتاة وكان ذلك المقال بعنوان جهاد عن فلسطين حيث عرف عن الدكتور محمد روحه العربية العالية و دفاعة عن القضية الفلسطينية  اشتغل الدكتور محمد عماره في الصحافة مدة حيث نشر اول مقال له كان في صحيفة مصر الفتاة وكان ذلك المقال بعنوان في العلوم الإسلامية تخصص قسم الفلسفة الإسلامية من كليه دار العلوم جامعه القاهرة وذلك في عام 1975 كما انه كان حصل على الماجستير في العلوم الإسلامية تخصص الفلسفة من كليه دار العلوم وذلك في عام 1970 كما انه قد حصل على بكالوريوس اللغة العربية والعلوم الإسلامية كما انه كما انه خذ حقك كتب لإعلام اليقظة الفكرية الإسلامية كمثال محمد عبده وعبد الرحمن الكواكبي و جمال الدين الافغاني كما ان للدكتور محمد عماره كتب ومؤلفات عن اعلام التجديد الإسلامي الشيخ محمد الغزالي ورشيد رضا أبو الأعلى المودودي وسيد قطب حسن البنا كما ان له مؤلفات عن الصحابة كأمثال علي بن ابي طالب وغيرهم كما له أيضا مؤلفات عن تيار الفكر الإسلامي القديم والحديث والتراث الإسلامي مثل الحسن البصري وغيلان الدمشقي   احصل على اخر الكتب مجانا علي قناة التليجرام مباشرةً   ومن أواخر مؤلفاته في الفكر الحديث كتاب الخطاب الديني بين التجديد الإسلامي والتبديد الأمريكاني , و كتاب الشريعة الإسلامية و العلمانية الغربية , و ازمه الفكر الإسلامي الحديث , والابداع الفكري والخصيه الحضارية , وأين الصواب وغير ذلك من ال","['لخص', 'كتب', 'تحد', 'ارخ', 'عبر', 'حمد', 'عمر', 'اهم', 'فكر', 'سلم', 'شهر', 'أسلوب', 'لسف', 'عظم', 'حقق', 'شخص', '،فنجد', 'هتم', 'إظهار', 'وبي', 'صوب', 'حدث', 'وقف', 'وجه', 'لحظ', 'اول', 'ظهر', 'حتي', 'يوم', 'سلب', 'ميز', 'خير', 'مواضيع', 'نول', 'ككتاب', 'بنا', 'قرء', 'نبذ', 'دكتور', 'عصر', 'عضء', 'جمع', 'بحث', 'زهر', 'ولد', 'ركز', 'قلن', 'حفظ', 'كفر', 'شيخ', 'نشا', 'قرن', 'كرم', 'كمن', 'صغر', 'بدء', 'نمو', 'روح', 'وطن', 'لدة', 'عرب', 'صحف', 'مصر', 'فتة', 'قال', 'عنو', 'جهد', 'لسط', 'عرف', 'علي', 'دفع', 'قضة', 'فلسطينية', 'شغل', 'مدة', 'نشر', 'علم', 'خصص', 'قسم', 'كله', 'دار', 'قهر', 'وذل', '1975', 'حصل', 'ماجستير', '1970', 'بكالوريوس', 'لغة', 'خذ', 'حقك', 'إعلام', 'يقظ', 'كمثال', 'عبد', 'رحم', 'ككب', 'جمل', 'دين', 'افغ', 'ؤلف', 'جدد', 'غزل', 'رشد', 'رضا', 'على', 'ودد', 'وسد', 'قطب', 'حسن', 'صحب', 'كأمثال', 'بن', 'ابي', 'طلب', 'وغر', 'تير', 'قدم', 'ترث', 'بصر', 'وغل', 'دمشق', 'اخر', 'مجا', 'قنة', 'جرم', 'بشر', 'وخر', 'خطب', 'بدد', 'امر', 'شرع', 'غرب', 'ازم', 'بدع', 'خصه', 'حضر', 'وأن']"
الكاتب محمد عمارة,كتاب تجديد الدنيا بتجديد الدين ,العقيدة تحميل , - صفحة, دار النهضة, - ميغابايت,"    ملخص كتاب تجديد الدنيا بتجديد الدين     تلخيص كتاب تجديد الدنيا بتجديد الدين   : كتاب تجديد الدنيا بتجديد الدين   يعتبر الكاتب محمد عمارة واحد من اهم المفكرين الاسلامين واشتهر بأسلوبه الفكري الفلسفي معظم كتبة في التحقيق الإسلامي والشخصيات الإسلامية ،فنجدة في كتاب تجديد الدنيا بتجديد الدين   قد اهتم بإظهار الحقائق وبيان ما هو الصواب في هذا الكتاب كتاب تجديد الدنيا بتجديد الدين   , يتحدث الكتاب عن ان لاسبيل الي دنيا جيدة الا بعلاقة جيد مع الدين  , كان للكاتب محمد عمارة أسلوب مميز في اختيار كتبة والمواضيع التي يتناوله فيها ككتاب تجديد الدنيا بتجديد الدين   هيا بنا نقراء كتاب تجديد الدنيا بتجديد الدين   كتاب تجديد الدنيا بتجديد الدين   نبذه عن كاتب كتاب تجديد الدنيا بتجديد الدين   : الدكتور محمد عمارة واحد من اهم المفكرين الاسلامين في العصر وهو واحد من أعضاء جمعية البحوث والتحقيق الإسلامية في جامعة الازهر ولد الدكتور محمد عمارة في مركز قلين محافظة كفر الشيخ نشا الدكتور محمد عمارة علي حفظ القران الكريم كمان انه منذ سنة الصغير بدء نمو الروح الوطنية لدية والعربية كان في صحيفة مصر الفتاة وكان ذلك المقال بعنوان جهاد عن فلسطين حيث عرف عن الدكتور محمد روحه العربية العالية و دفاعة عن القضية الفلسطينية  اشتغل الدكتور محمد عماره في الصحافة مدة حيث نشر اول مقال له كان في صحيفة مصر الفتاة وكان ذلك المقال بعنوان في العلوم الإسلامية تخصص قسم الفلسفة الإسلامية من كليه دار العلوم جامعه القاهرة وذلك في عام 1975 كما انه كان حصل على الماجستير في العلوم الإسلامية تخصص الفلسفة من كليه دار العلوم وذلك في عام 1970 كما انه قد حصل على بكالوريوس اللغة العربية والعلوم الإسلامية كما انه كما انه خذ حقك كتب لإعلام اليقظة الفكرية الإسلامية كمثال محمد عبده وعبد الرحمن الكواكبي و جمال الدين الافغاني كما ان للدكتور محمد عماره كتب ومؤلفات عن اعلام التجديد الإسلامي الشيخ محمد الغزالي ورشيد رضا أبو الأعلى المودودي وسيد قطب حسن البنا كما ان له مؤلفات عن الصحابة كأمثال علي بن ابي طالب وغيرهم كما له أيضا مؤلفات عن تيار الفكر الإسلامي القديم والحديث والتراث الإسلامي مثل الحسن البصري وغيلان الدمشقي   احصل على اخر الكتب مجانا علي قناة التليجرام مباشرةً   ومن أواخر مؤلفاته في الفكر الحديث كتاب الخطاب الديني بين التجديد الإسلامي والتبديد الأمريكاني , و كتاب الشريعة الإسلامية و العلمانية الغربية , و ازمه الفكر الإسلامي الحديث , والابداع الفكري والخصيه الحضارية , وأين الصواب وغير ذلك من ال","['لخص', 'كتب', 'جدد', 'دنا', 'دين', 'عبر', 'حمد', 'عمر', 'اهم', 'فكر', 'سلم', 'شهر', 'أسلوب', 'لسف', 'عظم', 'حقق', 'شخص', '،فنجد', 'هتم', 'إظهار', 'وبي', 'صوب', 'حدث', 'سبل', 'جيد', 'علق', 'سلب', 'ميز', 'خير', 'مواضيع', 'نول', 'ككتاب', 'بنا', 'قرء', 'نبذ', 'دكتور', 'عصر', 'عضء', 'جمع', 'بحث', 'زهر', 'ولد', 'ركز', 'قلن', 'حفظ', 'كفر', 'شيخ', 'نشا', 'قرن', 'كرم', 'كمن', 'صغر', 'بدء', 'نمو', 'روح', 'وطن', 'لدة', 'عرب', 'صحف', 'مصر', 'فتة', 'قال', 'عنو', 'جهد', 'لسط', 'عرف', 'علي', 'دفع', 'قضة', 'فلسطينية', 'شغل', 'مدة', 'نشر', 'علم', 'خصص', 'قسم', 'كله', 'دار', 'قهر', 'وذل', '1975', 'حصل', 'ماجستير', '1970', 'بكالوريوس', 'لغة', 'خذ', 'حقك', 'إعلام', 'يقظ', 'كمثال', 'عبد', 'رحم', 'ككب', 'جمل', 'افغ', 'ؤلف', 'غزل', 'رشد', 'رضا', 'على', 'ودد', 'وسد', 'قطب', 'حسن', 'صحب', 'كأمثال', 'بن', 'ابي', 'طلب', 'وغر', 'تير', 'قدم', 'ترث', 'بصر', 'وغل', 'دمشق', 'اخر', 'مجا', 'قنة', 'جرم', 'بشر', 'وخر', 'خطب', 'بدد', 'امر', 'شرع', 'غرب', 'ازم', 'بدع', 'خصه', 'حضر', 'وأن']"
الكاتب محمد عمارة,كتاب دليل الإمام إلى تجديد الخطاب الديني ,العقيدة تحميل , - صفحة, وزارة الاوقاف, - ميغابايت,"    ملخص كتاب دليل الإمام إلى تجديد الخطاب الديني     تلخيص كتاب دليل الإمام إلى تجديد الخطاب الديني   : كتاب دليل الإمام إلى تجديد الخطاب الديني   يعتبر الكاتب محمد عمارة واحد من اهم المفكرين الاسلامين واشتهر بأسلوبه الفكري الفلسفي معظم كتبة في التحقيق الإسلامي والشخصيات الإسلامية ،فنجدة في كتاب دليل الإمام إلى تجديد الخطاب الديني   قد اهتم بإظهار الحقائق وبيان ما هو الصواب في هذا الكتاب كتاب دليل الإمام إلى تجديد الخطاب الديني   , يتحدث الكتاب عن تجديد لخطاب الديني و الدليل نحو ذلك , كان للكاتب محمد عمارة أسلوب مميز في اختيار كتبة والمواضيع التي يتناوله فيها ككتاب دليل الإمام إلى تجديد الخطاب الديني   هيا بنا نقراء كتاب دليل الإمام إلى تجديد الخطاب الديني   كتاب دليل الإمام إلى تجديد الخطاب الديني   نبذه عن كاتب كتاب دليل الإمام إلى تجديد الخطاب الديني   : الدكتور محمد عمارة واحد من اهم المفكرين الاسلامين في العصر وهو واحد من أعضاء جمعية البحوث والتحقيق الإسلامية في جامعة الازهر ولد الدكتور محمد عمارة في مركز قلين محافظة كفر الشيخ نشا الدكتور محمد عمارة علي حفظ القران الكريم كمان انه منذ سنة الصغير بدء نمو الروح الوطنية لدية والعربية كان في صحيفة مصر الفتاة وكان ذلك المقال بعنوان جهاد عن فلسطين حيث عرف عن الدكتور محمد روحه العربية العالية و دفاعة عن القضية الفلسطينية  اشتغل الدكتور محمد عماره في الصحافة مدة حيث نشر اول مقال له كان في صحيفة مصر الفتاة وكان ذلك المقال بعنوان في العلوم الإسلامية تخصص قسم الفلسفة الإسلامية من كليه دار العلوم جامعه القاهرة وذلك في عام 1975 كما انه كان حصل على الماجستير في العلوم الإسلامية تخصص الفلسفة من كليه دار العلوم وذلك في عام 1970 كما انه قد حصل على بكالوريوس اللغة العربية والعلوم الإسلامية كما انه كما انه خذ حقك كتب لإعلام اليقظة الفكرية الإسلامية كمثال محمد عبده وعبد الرحمن الكواكبي و جمال الدين الافغاني كما ان للدكتور محمد عماره كتب ومؤلفات عن اعلام التجديد الإسلامي الشيخ محمد الغزالي ورشيد رضا أبو الأعلى المودودي وسيد قطب حسن البنا كما ان له مؤلفات عن الصحابة كأمثال علي بن ابي طالب وغيرهم كما له أيضا مؤلفات عن تيار الفكر الإسلامي القديم والحديث والتراث الإسلامي مثل الحسن البصري وغيلان الدمشقي   احصل على اخر الكتب مجانا علي قناة التليجرام مباشرةً   ومن أواخر مؤلفاته في الفكر الحديث كتاب الخطاب الديني بين التجديد الإسلامي والتبديد الأمريكاني , و كتاب الشريعة الإسلامية و العلمانية الغربية , و ازمه الفكر الإسلامي الحديث , والابداع الفكري والخصيه الحضارية , وأين الصواب وغير ذلك من ال","['لخص', 'كتب', 'دلل', 'امم', 'جدد', 'خطب', 'دين', 'عبر', 'حمد', 'عمر', 'اهم', 'فكر', 'سلم', 'شهر', 'أسلوب', 'لسف', 'عظم', 'حقق', 'شخص', '،فنجد', 'هتم', 'إظهار', 'وبي', 'صوب', 'حدث', 'سلب', 'ميز', 'خير', 'مواضيع', 'نول', 'ككتاب', 'بنا', 'قرء', 'نبذ', 'دكتور', 'عصر', 'عضء', 'جمع', 'بحث', 'زهر', 'ولد', 'ركز', 'قلن', 'حفظ', 'كفر', 'شيخ', 'نشا', 'قرن', 'كرم', 'كمن', 'صغر', 'بدء', 'نمو', 'روح', 'وطن', 'لدة', 'عرب', 'صحف', 'مصر', 'فتة', 'قال', 'عنو', 'جهد', 'لسط', 'عرف', 'علي', 'دفع', 'قضة', 'فلسطينية', 'شغل', 'مدة', 'نشر', 'علم', 'خصص', 'قسم', 'كله', 'دار', 'قهر', 'وذل', '1975', 'حصل', 'ماجستير', '1970', 'بكالوريوس', 'لغة', 'خذ', 'حقك', 'إعلام', 'يقظ', 'كمثال', 'عبد', 'رحم', 'ككب', 'جمل', 'افغ', 'ؤلف', 'غزل', 'رشد', 'رضا', 'على', 'ودد', 'وسد', 'قطب', 'حسن', 'صحب', 'كأمثال', 'بن', 'ابي', 'طلب', 'وغر', 'تير', 'قدم', 'ترث', 'بصر', 'وغل', 'دمشق', 'اخر', 'مجا', 'قنة', 'جرم', 'بشر', 'وخر', 'بدد', 'امر', 'شرع', 'غرب', 'ازم', 'بدع', 'خصه', 'حضر', 'وأن']"
الكاتب محمد عمارة,كتاب تيارات اليقظة الإسلامية الحديثة ,العقيدة تحميل , - صفحة, دار الهلال, - ميغابايت,"    ملخص كتاب تيارات اليقظة الإسلامية الحديثة     تلخيص كتاب تيارات اليقظة الإسلامية الحديثة   : كتاب تيارات اليقظة الإسلامية الحديثة   يعتبر الكاتب محمد عمارة واحد من اهم المفكرين الاسلامين واشتهر بأسلوبه الفكري الفلسفي معظم كتبة في التحقيق الإسلامي والشخصيات الإسلامية ،فنجدة في كتاب تيارات اليقظة الإسلامية الحديثة   قد اهتم بإظهار الحقائق وبيان ما هو الصواب في هذا الكتاب كتاب تيارات اليقظة الإسلامية الحديثة   , يتحدث الكتاب عن بعض التيارات التي نشرت فكرة اليقظة الاسلامية ونشر الوعي الاسلامي في ظل الانتشار العلماني وحروبة علي الاسلام , كان للكاتب محمد عمارة أسلوب مميز في اختيار كتبة والمواضيع التي يتناوله فيها ككتاب تيارات اليقظة الإسلامية الحديثة   هيا بنا نقراء كتاب تيارات اليقظة الإسلامية الحديثة   كتاب تيارات اليقظة الإسلامية الحديثة   نبذه عن كاتب كتاب تيارات اليقظة الإسلامية الحديثة   : الدكتور محمد عمارة واحد من اهم المفكرين الاسلامين في العصر وهو واحد من أعضاء جمعية البحوث والتحقيق الإسلامية في جامعة الازهر ولد الدكتور محمد عمارة في مركز قلين محافظة كفر الشيخ نشا الدكتور محمد عمارة علي حفظ القران الكريم كمان انه منذ سنة الصغير بدء نمو الروح الوطنية لدية والعربية كان في صحيفة مصر الفتاة وكان ذلك المقال بعنوان جهاد عن فلسطين حيث عرف عن الدكتور محمد روحه العربية العالية و دفاعة عن القضية الفلسطينية  اشتغل الدكتور محمد عماره في الصحافة مدة حيث نشر اول مقال له كان في صحيفة مصر الفتاة وكان ذلك المقال بعنوان في العلوم الإسلامية تخصص قسم الفلسفة الإسلامية من كليه دار العلوم جامعه القاهرة وذلك في عام 1975 كما انه كان حصل على الماجستير في العلوم الإسلامية تخصص الفلسفة من كليه دار العلوم وذلك في عام 1970 كما انه قد حصل على بكالوريوس اللغة العربية والعلوم الإسلامية كما انه كما انه خذ حقك كتب لإعلام اليقظة الفكرية الإسلامية كمثال محمد عبده وعبد الرحمن الكواكبي و جمال الدين الافغاني كما ان للدكتور محمد عماره كتب ومؤلفات عن اعلام التجديد الإسلامي الشيخ محمد الغزالي ورشيد رضا أبو الأعلى المودودي وسيد قطب حسن البنا كما ان له مؤلفات عن الصحابة كأمثال علي بن ابي طالب وغيرهم كما له أيضا مؤلفات عن تيار الفكر الإسلامي القديم والحديث والتراث الإسلامي مثل الحسن البصري وغيلان الدمشقي   احصل على اخر الكتب مجانا علي قناة التليجرام مباشرةً   ومن أواخر مؤلفاته في الفكر الحديث كتاب الخطاب الديني بين التجديد الإسلامي والتبديد الأمريكاني , و كتاب الشريعة الإسلامية و العلمانية الغربية , و ازمه الفكر الإسلامي الحديث , والابداع الفكري والخصيه الحضارية , وأين الصواب وغير ذلك من ال","['لخص', 'كتب', 'تير', 'يقظ', 'سلم', 'حدث', 'عبر', 'حمد', 'عمر', 'اهم', 'فكر', 'شهر', 'أسلوب', 'لسف', 'عظم', 'حقق', 'شخص', '،فنجد', 'هتم', 'إظهار', 'وبي', 'صوب', 'نشر', 'وعي', 'علم', 'حرب', 'سلب', 'ميز', 'خير', 'مواضيع', 'نول', 'ككتاب', 'بنا', 'قرء', 'نبذ', 'دكتور', 'عصر', 'عضء', 'جمع', 'بحث', 'زهر', 'ولد', 'ركز', 'قلن', 'حفظ', 'كفر', 'شيخ', 'نشا', 'قرن', 'كرم', 'كمن', 'صغر', 'بدء', 'نمو', 'روح', 'وطن', 'لدة', 'عرب', 'صحف', 'مصر', 'فتة', 'قال', 'عنو', 'جهد', 'لسط', 'عرف', 'علي', 'دفع', 'قضة', 'فلسطينية', 'شغل', 'مدة', 'خصص', 'قسم', 'كله', 'دار', 'قهر', 'وذل', '1975', 'حصل', 'ماجستير', '1970', 'بكالوريوس', 'لغة', 'خذ', 'حقك', 'إعلام', 'كمثال', 'عبد', 'رحم', 'ككب', 'جمل', 'دين', 'افغ', 'ؤلف', 'جدد', 'غزل', 'رشد', 'رضا', 'على', 'ودد', 'وسد', 'قطب', 'حسن', 'صحب', 'كأمثال', 'بن', 'ابي', 'طلب', 'وغر', 'قدم', 'ترث', 'بصر', 'وغل', 'دمشق', 'اخر', 'مجا', 'قنة', 'جرم', 'بشر', 'وخر', 'خطب', 'بدد', 'امر', 'شرع', 'غرب', 'ازم', 'بدع', 'خصه', 'حضر', 'وأن']"
الكاتب محمد عمارة,كتاب المستقبل الإجتماعي للأمة الإسلامية ,العقيدة تحميل , - صفحة, دار النهضة, - ميغابايت,"    ملخص كتاب المستقبل الإجتماعي للأمة الإسلامية     تلخيص كتاب المستقبل الإجتماعي للأمة الإسلامية   : كتاب المستقبل الإجتماعي للأمة الإسلامية   يعتبر الكاتب محمد عمارة واحد من اهم المفكرين الاسلامين واشتهر بأسلوبه الفكري الفلسفي معظم كتبة في التحقيق الإسلامي والشخصيات الإسلامية ،فنجدة في كتاب المستقبل الإجتماعي للأمة الإسلامية   قد اهتم بإظهار الحقائق وبيان ما هو الصواب في هذا الكتاب كتاب المستقبل الإجتماعي للأمة الإسلامية   , يتحدث الكتاب عن موقف المسلمين الاجتماعي بعد الاحداث المعاصرة , كان للكاتب محمد عمارة أسلوب مميز في اختيار كتبة والمواضيع التي يتناوله فيها ككتاب المستقبل الإجتماعي للأمة الإسلامية   هيا بنا نقراء كتاب المستقبل الإجتماعي للأمة الإسلامية   كتاب المستقبل الإجتماعي للأمة الإسلامية   نبذه عن كاتب كتاب المستقبل الإجتماعي للأمة الإسلامية   : الدكتور محمد عمارة واحد من اهم المفكرين الاسلامين في العصر وهو واحد من أعضاء جمعية البحوث والتحقيق الإسلامية في جامعة الازهر ولد الدكتور محمد عمارة في مركز قلين محافظة كفر الشيخ نشا الدكتور محمد عمارة علي حفظ القران الكريم كمان انه منذ سنة الصغير بدء نمو الروح الوطنية لدية والعربية كان في صحيفة مصر الفتاة وكان ذلك المقال بعنوان جهاد عن فلسطين حيث عرف عن الدكتور محمد روحه العربية العالية و دفاعة عن القضية الفلسطينية  اشتغل الدكتور محمد عماره في الصحافة مدة حيث نشر اول مقال له كان في صحيفة مصر الفتاة وكان ذلك المقال بعنوان في العلوم الإسلامية تخصص قسم الفلسفة الإسلامية من كليه دار العلوم جامعه القاهرة وذلك في عام 1975 كما انه كان حصل على الماجستير في العلوم الإسلامية تخصص الفلسفة من كليه دار العلوم وذلك في عام 1970 كما انه قد حصل على بكالوريوس اللغة العربية والعلوم الإسلامية كما انه كما انه خذ حقك كتب لإعلام اليقظة الفكرية الإسلامية كمثال محمد عبده وعبد الرحمن الكواكبي و جمال الدين الافغاني كما ان للدكتور محمد عماره كتب ومؤلفات عن اعلام التجديد الإسلامي الشيخ محمد الغزالي ورشيد رضا أبو الأعلى المودودي وسيد قطب حسن البنا كما ان له مؤلفات عن الصحابة كأمثال علي بن ابي طالب وغيرهم كما له أيضا مؤلفات عن تيار الفكر الإسلامي القديم والحديث والتراث الإسلامي مثل الحسن البصري وغيلان الدمشقي   احصل على اخر الكتب مجانا علي قناة التليجرام مباشرةً   ومن أواخر مؤلفاته في الفكر الحديث كتاب الخطاب الديني بين التجديد الإسلامي والتبديد الأمريكاني , و كتاب الشريعة الإسلامية و العلمانية الغربية , و ازمه الفكر الإسلامي الحديث , والابداع الفكري والخصيه الحضارية , وأين الصواب وغير ذلك من ال","['لخص', 'كتب', 'قبل', 'جمع', 'امة', 'سلم', 'عبر', 'حمد', 'عمر', 'اهم', 'فكر', 'شهر', 'أسلوب', 'لسف', 'عظم', 'حقق', 'شخص', '،فنجد', 'هتم', 'إظهار', 'وبي', 'صوب', 'حدث', 'وقف', 'عصر', 'سلب', 'ميز', 'خير', 'مواضيع', 'نول', 'ككتاب', 'بنا', 'قرء', 'نبذ', 'دكتور', 'عضء', 'بحث', 'زهر', 'ولد', 'ركز', 'قلن', 'حفظ', 'كفر', 'شيخ', 'نشا', 'قرن', 'كرم', 'كمن', 'صغر', 'بدء', 'نمو', 'روح', 'وطن', 'لدة', 'عرب', 'صحف', 'مصر', 'فتة', 'قال', 'عنو', 'جهد', 'لسط', 'عرف', 'علي', 'دفع', 'قضة', 'فلسطينية', 'شغل', 'مدة', 'نشر', 'علم', 'خصص', 'قسم', 'كله', 'دار', 'قهر', 'وذل', '1975', 'حصل', 'ماجستير', '1970', 'بكالوريوس', 'لغة', 'خذ', 'حقك', 'إعلام', 'يقظ', 'كمثال', 'عبد', 'رحم', 'ككب', 'جمل', 'دين', 'افغ', 'ؤلف', 'جدد', 'غزل', 'رشد', 'رضا', 'على', 'ودد', 'وسد', 'قطب', 'حسن', 'صحب', 'كأمثال', 'بن', 'ابي', 'طلب', 'وغر', 'تير', 'قدم', 'ترث', 'بصر', 'وغل', 'دمشق', 'اخر', 'مجا', 'قنة', 'جرم', 'بشر', 'وخر', 'خطب', 'بدد', 'امر', 'شرع', 'غرب', 'ازم', 'بدع', 'خصه', 'حضر', 'وأن']"
الكاتب محمد عمارة,كتاب الإسلام والتحديات المعاصرة ,العقيدة تحميل , - صفحة, دار النهضة, - ميغابايت,"    ملخص كتاب الإسلام والتحديات المعاصرة     تلخيص كتاب الإسلام والتحديات المعاصرة   : كتاب الإسلام والتحديات المعاصرة   يعتبر الكاتب محمد عمارة واحد من اهم المفكرين الاسلامين واشتهر بأسلوبه الفكري الفلسفي معظم كتبة في التحقيق الإسلامي والشخصيات الإسلامية ،فنجدة في كتاب الإسلام والتحديات المعاصرة   قد اهتم بإظهار الحقائق وبيان ما هو الصواب في هذا الكتاب كتاب الإسلام والتحديات المعاصرة   , يتحدث الكتاب عن موقف الاسلام من التحديات التي تواجهة في العصر الحديث من الشبهات التي يؤلفها العلمانين عنة , كان للكاتب محمد عمارة أسلوب مميز في اختيار كتبة والمواضيع التي يتناوله فيها ككتاب الإسلام والتحديات المعاصرة   هيا بنا نقراء كتاب الإسلام والتحديات المعاصرة   كتاب الإسلام والتحديات المعاصرة   نبذه عن كاتب كتاب الإسلام والتحديات المعاصرة   : الدكتور محمد عمارة واحد من اهم المفكرين الاسلامين في العصر وهو واحد من أعضاء جمعية البحوث والتحقيق الإسلامية في جامعة الازهر ولد الدكتور محمد عمارة في مركز قلين محافظة كفر الشيخ نشا الدكتور محمد عمارة علي حفظ القران الكريم كمان انه منذ سنة الصغير بدء نمو الروح الوطنية لدية والعربية كان في صحيفة مصر الفتاة وكان ذلك المقال بعنوان جهاد عن فلسطين حيث عرف عن الدكتور محمد روحه العربية العالية و دفاعة عن القضية الفلسطينية  اشتغل الدكتور محمد عماره في الصحافة مدة حيث نشر اول مقال له كان في صحيفة مصر الفتاة وكان ذلك المقال بعنوان في العلوم الإسلامية تخصص قسم الفلسفة الإسلامية من كليه دار العلوم جامعه القاهرة وذلك في عام 1975 كما انه كان حصل على الماجستير في العلوم الإسلامية تخصص الفلسفة من كليه دار العلوم وذلك في عام 1970 كما انه قد حصل على بكالوريوس اللغة العربية والعلوم الإسلامية كما انه كما انه خذ حقك كتب لإعلام اليقظة الفكرية الإسلامية كمثال محمد عبده وعبد الرحمن الكواكبي و جمال الدين الافغاني كما ان للدكتور محمد عماره كتب ومؤلفات عن اعلام التجديد الإسلامي الشيخ محمد الغزالي ورشيد رضا أبو الأعلى المودودي وسيد قطب حسن البنا كما ان له مؤلفات عن الصحابة كأمثال علي بن ابي طالب وغيرهم كما له أيضا مؤلفات عن تيار الفكر الإسلامي القديم والحديث والتراث الإسلامي مثل الحسن البصري وغيلان الدمشقي   احصل على اخر الكتب مجانا علي قناة التليجرام مباشرةً   ومن أواخر مؤلفاته في الفكر الحديث كتاب الخطاب الديني بين التجديد الإسلامي والتبديد الأمريكاني , و كتاب الشريعة الإسلامية و العلمانية الغربية , و ازمه الفكر الإسلامي الحديث , والابداع الفكري والخصيه الحضارية , وأين الصواب وغير ذلك من ال","['لخص', 'كتب', 'سلم', 'تحد', 'عصر', 'عبر', 'حمد', 'عمر', 'اهم', 'فكر', 'شهر', 'أسلوب', 'لسف', 'عظم', 'حقق', 'شخص', '،فنجد', 'هتم', 'إظهار', 'وبي', 'صوب', 'حدث', 'وقف', 'وجه', 'شبه', 'ؤلف', 'علم', 'عنة', 'سلب', 'ميز', 'خير', 'مواضيع', 'نول', 'ككتاب', 'بنا', 'قرء', 'نبذ', 'دكتور', 'عضء', 'جمع', 'بحث', 'زهر', 'ولد', 'ركز', 'قلن', 'حفظ', 'كفر', 'شيخ', 'نشا', 'قرن', 'كرم', 'كمن', 'صغر', 'بدء', 'نمو', 'روح', 'وطن', 'لدة', 'عرب', 'صحف', 'مصر', 'فتة', 'قال', 'عنو', 'جهد', 'لسط', 'عرف', 'علي', 'دفع', 'قضة', 'فلسطينية', 'شغل', 'مدة', 'نشر', 'خصص', 'قسم', 'كله', 'دار', 'قهر', 'وذل', '1975', 'حصل', 'ماجستير', '1970', 'بكالوريوس', 'لغة', 'خذ', 'حقك', 'إعلام', 'يقظ', 'كمثال', 'عبد', 'رحم', 'ككب', 'جمل', 'دين', 'افغ', 'جدد', 'غزل', 'رشد', 'رضا', 'على', 'ودد', 'وسد', 'قطب', 'حسن', 'صحب', 'كأمثال', 'بن', 'ابي', 'طلب', 'وغر', 'تير', 'قدم', 'ترث', 'بصر', 'وغل', 'دمشق', 'اخر', 'مجا', 'قنة', 'جرم', 'بشر', 'وخر', 'خطب', 'بدد', 'امر', 'شرع', 'غرب', 'ازم', 'بدع', 'خصه', 'حضر', 'وأن']"
الكاتب محمد عمارة,كتاب الإسلام والسياسة ,العقيدة تحميل , - صفحة, دار السلام, - ميغابايت,"    ملخص كتاب الإسلام والسياسة     تلخيص كتاب الإسلام والسياسة   : كتاب الإسلام والسياسة   يعتبر الكاتب محمد عمارة واحد من اهم المفكرين الاسلامين واشتهر بأسلوبه الفكري الفلسفي معظم كتبة في التحقيق الإسلامي والشخصيات الإسلامية ،فنجدة في كتاب الإسلام والسياسة   قد اهتم بإظهار الحقائق وبيان ما هو الصواب في هذا الكتاب كتاب الإسلام والسياسة   , يتحدث الكتاب عن موقف الاسلام و السياسة والرد علي شبهات العلمانين , كان للكاتب محمد عمارة أسلوب مميز في اختيار كتبة والمواضيع التي يتناوله فيها ككتاب الإسلام والسياسة   هيا بنا نقراء كتاب الإسلام والسياسة   كتاب الإسلام والسياسة   نبذه عن كاتب كتاب الإسلام والسياسة   : الدكتور محمد عمارة واحد من اهم المفكرين الاسلامين في العصر وهو واحد من أعضاء جمعية البحوث والتحقيق الإسلامية في جامعة الازهر ولد الدكتور محمد عمارة في مركز قلين محافظة كفر الشيخ نشا الدكتور محمد عمارة علي حفظ القران الكريم كمان انه منذ سنة الصغير بدء نمو الروح الوطنية لدية والعربية كان في صحيفة مصر الفتاة وكان ذلك المقال بعنوان جهاد عن فلسطين حيث عرف عن الدكتور محمد روحه العربية العالية و دفاعة عن القضية الفلسطينية  اشتغل الدكتور محمد عماره في الصحافة مدة حيث نشر اول مقال له كان في صحيفة مصر الفتاة وكان ذلك المقال بعنوان في العلوم الإسلامية تخصص قسم الفلسفة الإسلامية من كليه دار العلوم جامعه القاهرة وذلك في عام 1975 كما انه كان حصل على الماجستير في العلوم الإسلامية تخصص الفلسفة من كليه دار العلوم وذلك في عام 1970 كما انه قد حصل على بكالوريوس اللغة العربية والعلوم الإسلامية كما انه كما انه خذ حقك كتب لإعلام اليقظة الفكرية الإسلامية كمثال محمد عبده وعبد الرحمن الكواكبي و جمال الدين الافغاني كما ان للدكتور محمد عماره كتب ومؤلفات عن اعلام التجديد الإسلامي الشيخ محمد الغزالي ورشيد رضا أبو الأعلى المودودي وسيد قطب حسن البنا كما ان له مؤلفات عن الصحابة كأمثال علي بن ابي طالب وغيرهم كما له أيضا مؤلفات عن تيار الفكر الإسلامي القديم والحديث والتراث الإسلامي مثل الحسن البصري وغيلان الدمشقي   احصل على اخر الكتب مجانا علي قناة التليجرام مباشرةً   ومن أواخر مؤلفاته في الفكر الحديث كتاب الخطاب الديني بين التجديد الإسلامي والتبديد الأمريكاني , و كتاب الشريعة الإسلامية و العلمانية الغربية , و ازمه الفكر الإسلامي الحديث , والابداع الفكري والخصيه الحضارية , وأين الصواب وغير ذلك من ال","['لخص', 'كتب', 'سلم', 'سيس', 'عبر', 'حمد', 'عمر', 'اهم', 'فكر', 'شهر', 'أسلوب', 'لسف', 'عظم', 'حقق', 'شخص', '،فنجد', 'هتم', 'إظهار', 'وبي', 'صوب', 'حدث', 'وقف', 'لرد', 'شبه', 'علم', 'سلب', 'ميز', 'خير', 'مواضيع', 'نول', 'ككتاب', 'بنا', 'قرء', 'نبذ', 'دكتور', 'عصر', 'عضء', 'جمع', 'بحث', 'زهر', 'ولد', 'ركز', 'قلن', 'حفظ', 'كفر', 'شيخ', 'نشا', 'قرن', 'كرم', 'كمن', 'صغر', 'بدء', 'نمو', 'روح', 'وطن', 'لدة', 'عرب', 'صحف', 'مصر', 'فتة', 'قال', 'عنو', 'جهد', 'لسط', 'عرف', 'علي', 'دفع', 'قضة', 'فلسطينية', 'شغل', 'مدة', 'نشر', 'خصص', 'قسم', 'كله', 'دار', 'قهر', 'وذل', '1975', 'حصل', 'ماجستير', '1970', 'بكالوريوس', 'لغة', 'خذ', 'حقك', 'إعلام', 'يقظ', 'كمثال', 'عبد', 'رحم', 'ككب', 'جمل', 'دين', 'افغ', 'ؤلف', 'جدد', 'غزل', 'رشد', 'رضا', 'على', 'ودد', 'وسد', 'قطب', 'حسن', 'صحب', 'كأمثال', 'بن', 'ابي', 'طلب', 'وغر', 'تير', 'قدم', 'ترث', 'بصر', 'وغل', 'دمشق', 'اخر', 'مجا', 'قنة', 'جرم', 'بشر', 'وخر', 'خطب', 'بدد', 'امر', 'شرع', 'غرب', 'ازم', 'بدع', 'خصه', 'حضر', 'وأن']"
الكاتب محمد عمارة,كتاب حقائق وشبهات حول الانتماء الوطني ,العقيدة تحميل , - صفحة, دار السلام, - ميغابايت,"    ملخص كتاب حقائق وشبهات حول الانتماء الوطني     تلخيص كتاب حقائق وشبهات حول الانتماء الوطني   : كتاب حقائق وشبهات حول الانتماء الوطني   يعتبر الكاتب محمد عمارة واحد من اهم المفكرين الاسلامين واشتهر بأسلوبه الفكري الفلسفي معظم كتبة في التحقيق الإسلامي والشخصيات الإسلامية ،فنجدة في كتاب حقائق وشبهات حول الانتماء الوطني   قد اهتم بإظهار الحقائق وبيان ما هو الصواب في هذا الكتاب كتاب موسوعة روائع الشيخ الشعراوي   , يتحدث عن الشبهات التي تدور حول الانتماء الوطني لبعض الشخصيات  , كان للكاتب محمد عمارة أسلوب مميز في اختيار كتبة والمواضيع التي يتناوله فيها ككتاب حقائق وشبهات حول الانتماء الوطني   هيا بنا نقراء كتاب حقائق وشبهات حول الانتماء الوطني   كتاب حقائق وشبهات حول الانتماء الوطني   نبذه عن كاتب كتاب حقائق وشبهات حول الانتماء الوطني  : الدكتور محمد عمارة واحد من اهم المفكرين الاسلامين في العصر وهو واحد من أعضاء جمعية البحوث والتحقيق الإسلامية في جامعة الازهر ولد الدكتور محمد عمارة في مركز قلين محافظة كفر الشيخ نشا الدكتور محمد عمارة علي حفظ القران الكريم كمان انه منذ سنة الصغير بدء نمو الروح الوطنية لدية والعربية كان في صحيفة مصر الفتاة وكان ذلك المقال بعنوان جهاد عن فلسطين حيث عرف عن الدكتور محمد روحه العربية العالية و دفاعة عن القضية الفلسطينية  اشتغل الدكتور محمد عماره في الصحافة مدة حيث نشر اول مقال له كان في صحيفة مصر الفتاة وكان ذلك المقال بعنوان في العلوم الإسلامية تخصص قسم الفلسفة الإسلامية من كليه دار العلوم جامعه القاهرة وذلك في عام 1975 كما انه كان حصل على الماجستير في العلوم الإسلامية تخصص الفلسفة من كليه دار العلوم وذلك في عام 1970 كما انه قد حصل على بكالوريوس اللغة العربية والعلوم الإسلامية كما انه كما انه خذ حقك كتب لإعلام اليقظة الفكرية الإسلامية كمثال محمد عبده وعبد الرحمن الكواكبي و جمال الدين الافغاني كما ان للدكتور محمد عماره كتب ومؤلفات عن اعلام التجديد الإسلامي الشيخ محمد الغزالي ورشيد رضا أبو الأعلى المودودي وسيد قطب حسن البنا كما ان له مؤلفات عن الصحابة كأمثال علي بن ابي طالب وغيرهم كما له أيضا مؤلفات عن تيار الفكر الإسلامي القديم والحديث والتراث الإسلامي مثل الحسن البصري وغيلان الدمشقي   احصل على اخر الكتب مجانا علي قناة التليجرام مباشرةً   ومن أواخر مؤلفاته في الفكر الحديث كتاب الخطاب الديني بين التجديد الإسلامي والتبديد الأمريكاني , و كتاب الشريعة الإسلامية و العلمانية الغربية , و ازمه الفكر الإسلامي الحديث , والابداع الفكري والخصيه الحضارية , وأين الصواب وغير ذلك من ال","['لخص', 'كتب', 'حقق', 'وشب', 'نمء', 'وطن', 'عبر', 'حمد', 'عمر', 'اهم', 'فكر', 'سلم', 'شهر', 'أسلوب', 'لسف', 'عظم', 'شخص', '،فنجد', 'هتم', 'إظهار', 'وبي', 'صوب', 'وسع', 'رئع', 'شيخ', 'شعراو', 'حدث', 'شبه', 'تدر', 'بعض', 'سلب', 'ميز', 'خير', 'مواضيع', 'نول', 'ككتاب', 'بنا', 'قرء', 'نبذ', 'دكتور', 'عصر', 'عضء', 'جمع', 'بحث', 'زهر', 'ولد', 'ركز', 'قلن', 'حفظ', 'كفر', 'نشا', 'قرن', 'كرم', 'كمن', 'صغر', 'بدء', 'نمو', 'روح', 'لدة', 'عرب', 'صحف', 'مصر', 'فتة', 'قال', 'عنو', 'جهد', 'لسط', 'عرف', 'علي', 'دفع', 'قضة', 'فلسطينية', 'شغل', 'مدة', 'نشر', 'علم', 'خصص', 'قسم', 'كله', 'دار', 'قهر', 'وذل', '1975', 'حصل', 'ماجستير', '1970', 'بكالوريوس', 'لغة', 'خذ', 'حقك', 'إعلام', 'يقظ', 'كمثال', 'عبد', 'رحم', 'ككب', 'جمل', 'دين', 'افغ', 'ؤلف', 'جدد', 'غزل', 'رشد', 'رضا', 'على', 'ودد', 'وسد', 'قطب', 'حسن', 'صحب', 'كأمثال', 'بن', 'ابي', 'طلب', 'وغر', 'تير', 'قدم', 'ترث', 'بصر', 'وغل', 'دمشق', 'اخر', 'مجا', 'قنة', 'جرم', 'بشر', 'وخر', 'خطب', 'بدد', 'امر', 'شرع', 'غرب', 'ازم', 'بدع', 'خصه', 'حضر', 'وأن']"
الكاتب محمد عمارة,كتاب موسوعة روائع الشيخ الشعراوي ,العقيدة تحميل , - صفحة, -, - ميغابايت,"    ملخص كتاب موسوعة روائع الشيخ الشعراوي     تلخيص كتاب موسوعة روائع الشيخ الشعراوي   : كتاب موسوعة روائع الشيخ الشعراوي   يعتبر الكاتب محمد عمارة واحد من اهم المفكرين الاسلامين واشتهر بأسلوبه الفكري الفلسفي معظم كتبة في التحقيق الإسلامي والشخصيات الإسلامية ،فنجدة في كتاب موسوعة روائع الشيخ الشعراوي   قد اهتم بإظهار الحقائق وبيان ما هو الصواب في هذا الكتاب كتاب موسوعة روائع الشيخ الشعراوي   , يتحدث كتاب موسوعة روائع الشيخ الشعراوي   عن اروع حورات الشيخ الشعراوي مع العلمانين و الملاحدة , كان للكاتب محمد عمارة أسلوب مميز في اختيار كتبة والمواضيع التي يتناوله فيها ككتاب موسوعة روائع الشيخ الشعراوي   هيا بنا نقراء كتاب موسوعة روائع الشيخ الشعراوي   كتاب موسوعة روائع الشيخ الشعراوي   نبذه عن كاتب كتاب موسوعة روائع الشيخ الشعراوي   : الدكتور محمد عمارة واحد من اهم المفكرين الاسلامين في العصر وهو واحد من أعضاء جمعية البحوث والتحقيق الإسلامية في جامعة الازهر ولد الدكتور محمد عمارة في مركز قلين محافظة كفر الشيخ نشا الدكتور محمد عمارة علي حفظ القران الكريم كمان انه منذ سنة الصغير بدء نمو الروح الوطنية لدية والعربية كان في صحيفة مصر الفتاة وكان ذلك المقال بعنوان جهاد عن فلسطين حيث عرف عن الدكتور محمد روحه العربية العالية و دفاعة عن القضية الفلسطينية  اشتغل الدكتور محمد عماره في الصحافة مدة حيث نشر اول مقال له كان في صحيفة مصر الفتاة وكان ذلك المقال بعنوان في العلوم الإسلامية تخصص قسم الفلسفة الإسلامية من كليه دار العلوم جامعه القاهرة وذلك في عام 1975 كما انه كان حصل على الماجستير في العلوم الإسلامية تخصص الفلسفة من كليه دار العلوم وذلك في عام 1970 كما انه قد حصل على بكالوريوس اللغة العربية والعلوم الإسلامية كما انه كما انه خذ حقك كتب لإعلام اليقظة الفكرية الإسلامية كمثال محمد عبده وعبد الرحمن الكواكبي و جمال الدين الافغاني كما ان للدكتور محمد عماره كتب ومؤلفات عن اعلام التجديد الإسلامي الشيخ محمد الغزالي ورشيد رضا أبو الأعلى المودودي وسيد قطب حسن البنا كما ان له مؤلفات عن الصحابة كأمثال علي بن ابي طالب وغيرهم كما له أيضا مؤلفات عن تيار الفكر الإسلامي القديم والحديث والتراث الإسلامي مثل الحسن البصري وغيلان الدمشقي   احصل على اخر الكتب مجانا علي قناة التليجرام مباشرةً   ومن أواخر مؤلفاته في الفكر الحديث كتاب الخطاب الديني بين التجديد الإسلامي والتبديد الأمريكاني , و كتاب الشريعة الإسلامية و العلمانية الغربية , و ازمه الفكر الإسلامي الحديث , والابداع الفكري والخصيه الحضارية , وأين الصواب وغير ذلك من ال","['لخص', 'كتب', 'وسع', 'رئع', 'شيخ', 'شعراو', 'عبر', 'حمد', 'عمر', 'اهم', 'فكر', 'سلم', 'شهر', 'أسلوب', 'لسف', 'عظم', 'حقق', 'شخص', '،فنجد', 'هتم', 'إظهار', 'وبي', 'صوب', 'حدث', 'ارع', 'حور', 'علم', 'لحد', 'سلب', 'ميز', 'خير', 'مواضيع', 'نول', 'ككتاب', 'بنا', 'قرء', 'نبذ', 'دكتور', 'عصر', 'عضء', 'جمع', 'بحث', 'زهر', 'ولد', 'ركز', 'قلن', 'حفظ', 'كفر', 'نشا', 'قرن', 'كرم', 'كمن', 'صغر', 'بدء', 'نمو', 'روح', 'وطن', 'لدة', 'عرب', 'صحف', 'مصر', 'فتة', 'قال', 'عنو', 'جهد', 'لسط', 'عرف', 'علي', 'دفع', 'قضة', 'فلسطينية', 'شغل', 'مدة', 'نشر', 'خصص', 'قسم', 'كله', 'دار', 'قهر', 'وذل', '1975', 'حصل', 'ماجستير', '1970', 'بكالوريوس', 'لغة', 'خذ', 'حقك', 'إعلام', 'يقظ', 'كمثال', 'عبد', 'رحم', 'ككب', 'جمل', 'دين', 'افغ', 'ؤلف', 'جدد', 'غزل', 'رشد', 'رضا', 'على', 'ودد', 'وسد', 'قطب', 'حسن', 'صحب', 'كأمثال', 'بن', 'ابي', 'طلب', 'وغر', 'تير', 'قدم', 'ترث', 'بصر', 'وغل', 'دمشق', 'اخر', 'مجا', 'قنة', 'جرم', 'بشر', 'وخر', 'خطب', 'بدد', 'امر', 'شرع', 'غرب', 'ازم', 'بدع', 'خصه', 'حضر', 'وأن']"
أبو الحسن علي الحسني الندوي,كتاب مذكرات سائح في الشرق العربي ,كتب اسلامية , 339 صفحة, مؤسسة الرسالة, 5.6 ميغابايت,    ملخص كتاب مذكرات سائح في الشرق العربي     تلخيص كتاب مذكرات سائح في الشرق العربي   للكاتب أبو الحسن علي الحسني الندوي  كتاب مذكرات سائح في الشرق العربي   للكاتب أبو الحسن علي الحسني الندوي من أكثر الكتب التي لها تأثير في مجالها حيث يزيد عدد القراء لمثل هذه الكتب لما لها من تأثير وفاعلية وذلك نتيجة لاستناد الكاتب أبو الحسن علي الحسني الندوي على أسلوب سلس وأفكار مرتبة نال إعجاب وقراءة الكثير من الفئات. قام مؤلف هذا الكتاب برحلة إلى عواصم الشرق العربي ليدرس وضع هذه الأقطار الديني والعلمي ، والاجتماعي ، ويتعرف برجالاتها وقادة الفكر فيها ويتذاكر معهم في الشؤون الدينية والعليمة ، والقضايا الإسلامية ، والمناهج الإصلاحية ، والمشاريع التعليمية ، وقد زار المؤلف كل طبقة من الرجال ، وخاض في كل موضوع ، وشارك في كل بحث وكان الحديث سجالا يأخذ ويعطي ويقتطف وينشر ، وقد التزم الكاتب في هذه الرحلة أن يسجل كل حديث وكل انطباع في يومه غالباً.  كتاب مذكرات سائح في الشرق العربي   ,"['لخص', 'كتب', 'ذكر', 'سئح', 'شرق', 'عرب', 'حسن', 'ندي', 'كثر', 'أثر', 'جال', 'يزد', 'قرء', 'مثل', 'فعل', 'وذل', 'نتج', 'ناد', 'سلب', 'سلس', 'أفكار', 'رتب', 'نال', 'عجب', 'فئت', 'ؤلف', 'رحل', 'عصم', 'درس', 'وضع', 'قطر', 'دين', 'علم', 'جمع', 'عرف', 'رجل', 'وقد', 'فكر', 'عهم', 'شؤن', 'قضا', 'سلم', 'نهج', 'صلح', 'مشاريع', 'زار', 'طبق', 'وخض', 'وشر', 'بحث', 'حدث', 'سجل', 'أخذ', 'يعط', 'قطف', 'نشر', 'تزم', 'وكل', 'طبع', 'يوم', 'غلب']"
أبو الحسن علي الحسني الندوي,كتاب الصراع بين الإيمان والمادية ,كتب اسلامية , 127 صفحة, دار ابن كثير, 1.6 ميغابايت,    ملخص كتاب الصراع بين الإيمان والمادية     تلخيص كتاب الصراع بين الإيمان والمادية   للكاتب أبو الحسن علي الحسني الندوي  كتاب الصراع بين الإيمان والمادية   للكاتب أبو الحسن علي الحسني الندوي من أكثر الكتب التي لها تأثير في مجالها حيث يزيد عدد القراء لمثل هذه الكتب لما لها من تأثير وفاعلية وذلك نتيجة لاستناد الكاتب أبو الحسن علي الحسني الندوي على أسلوب سلس وأفكار مرتبة نال إعجاب وقراءة الكثير من الفئات.  كتاب الصراع بين الإيمان والمادية   ,"['لخص', 'كتب', 'صرع', 'ايم', 'ادة', 'حسن', 'ندي', 'كثر', 'أثر', 'جال', 'يزد', 'قرء', 'مثل', 'فعل', 'وذل', 'نتج', 'ناد', 'سلب', 'سلس', 'أفكار', 'رتب', 'نال', 'عجب', 'فئت']"
أبو الحسن علي الحسني الندوي,كتاب الإمام محمد بن إسماعيل البخاري ,كتب اسلامية , 28 صفحة, دار الصحوة, 449.7 كيلوبايت ميغابايت,    ملخص كتاب الإمام محمد بن إسماعيل البخاري     تلخيص كتاب الإمام محمد بن إسماعيل البخاري   للكاتب أبو الحسن علي الحسني الندوي  كتاب الإمام محمد بن إسماعيل البخاري   للكاتب أبو الحسن علي الحسني الندوي من أكثر الكتب التي لها تأثير في مجالها حيث يزيد عدد القراء لمثل هذه الكتب لما لها من تأثير وفاعلية وذلك نتيجة لاستناد الكاتب أبو الحسن علي الحسني الندوي على أسلوب سلس وأفكار مرتبة نال إعجاب وقراءة الكثير من الفئات.  كتاب الإمام محمد بن إسماعيل البخاري   ,"['لخص', 'كتب', 'امم', 'حمد', 'بن', 'اعل', 'بخر', 'حسن', 'ندي', 'كثر', 'أثر', 'جال', 'يزد', 'قرء', 'مثل', 'فعل', 'وذل', 'نتج', 'ناد', 'سلب', 'سلس', 'أفكار', 'رتب', 'نال', 'عجب', 'فئت']"
أبو الحسن علي الحسني الندوي,كتاب في مسيرة الحياة ,كتب اسلامية , 464 صفحة, دار الصحوة, 9.2 ميغابايت,    ملخص كتاب في مسيرة الحياة     تلخيص كتاب في مسيرة الحياة   للكاتب أبو الحسن علي الحسني الندوي  كتاب في مسيرة الحياة   للكاتب أبو الحسن علي الحسني الندوي من أكثر الكتب التي لها تأثير في مجالها حيث يزيد عدد القراء لمثل هذه الكتب لما لها من تأثير وفاعلية وذلك نتيجة لاستناد الكاتب أبو الحسن علي الحسني الندوي على أسلوب سلس وأفكار مرتبة نال إعجاب وقراءة الكثير من الفئات.  كتاب في مسيرة الحياة   ,"['لخص', 'كتب', 'سير', 'حية', 'حسن', 'ندي', 'كثر', 'أثر', 'جال', 'يزد', 'قرء', 'مثل', 'فعل', 'وذل', 'نتج', 'ناد', 'سلب', 'سلس', 'أفكار', 'رتب', 'نال', 'عجب', 'فئت']"
أبو الحسن علي الحسني الندوي,كتاب الإسلام في عالم متغير ,كتب اسلامية , 95 صفحة, دار الصحوة, 1.3 ميغابايت,    ملخص كتاب الإسلام في عالم متغير     تلخيص كتاب الإسلام في عالم متغير   للكاتب أبو الحسن علي الحسني الندوي  كتاب الإسلام في عالم متغير   للكاتب أبو الحسن علي الحسني الندوي من أكثر الكتب التي لها تأثير في مجالها حيث يزيد عدد القراء لمثل هذه الكتب لما لها من تأثير وفاعلية وذلك نتيجة لاستناد الكاتب أبو الحسن علي الحسني الندوي على أسلوب سلس وأفكار مرتبة نال إعجاب وقراءة الكثير من الفئات.  ,"['لخص', 'كتب', 'سلم', 'علم', 'تغر', 'حسن', 'ندي', 'كثر', 'أثر', 'جال', 'يزد', 'قرء', 'مثل', 'فعل', 'وذل', 'نتج', 'ناد', 'سلب', 'سلس', 'أفكار', 'رتب', 'نال', 'عجب', 'فئت']"
أبو الحسن علي الحسني الندوي,كتاب الأركان الأربعة ,كتب اسلامية , 286 صفحة, دار القلم, 4.6 ميغابايت,    ملخص كتاب الأركان الأربعة     تلخيص كتاب الأركان الأربعة   للكاتب أبو الحسن علي الحسني الندوي  كتاب الأركان الأربعة   للكاتب أبو الحسن علي الحسني الندوي من أكثر الكتب التي لها تأثير في مجالها حيث يزيد عدد القراء لمثل هذه الكتب لما لها من تأثير وفاعلية وذلك نتيجة لاستناد الكاتب أبو الحسن علي الحسني الندوي على أسلوب سلس وأفكار مرتبة نال إعجاب وقراءة الكثير من الفئات. الأركان الأربعة (الصلاة الزكاة الصوم الحج) في ضوء الكتاب والسنة مقارنة مع الديانات الأخرى.  كتاب الأركان الأربعة   ,"['لخص', 'كتب', 'ارك', 'ربع', 'حسن', 'ندي', 'كثر', 'أثر', 'جال', 'يزد', 'قرء', 'مثل', 'فعل', 'وذل', 'نتج', 'ناد', 'سلب', 'سلس', 'أفكار', 'رتب', 'نال', 'عجب', 'فئت', 'صلة', 'زكة', 'صوم', 'لحج', 'ضوء', 'سنة', 'قرن', 'دين', 'خرى']"
أبو الحسن علي الحسني الندوي,كتاب النبوة هي الوسيلة الوحيدة ,كتب اسلامية , 28 صفحة, دار الصحوة, 490.4 كيلوبايت ميغابايت,    ملخص كتاب النبوة هي الوسيلة الوحيدة     تلخيص كتاب النبوة هي الوسيلة الوحيدة   للكاتب أبو الحسن علي الحسني الندوي  كتاب النبوة هي الوسيلة الوحيدة   للكاتب أبو الحسن علي الحسني الندوي من أكثر الكتب التي لها تأثير في مجالها حيث يزيد عدد القراء لمثل هذه الكتب لما لها من تأثير وفاعلية وذلك نتيجة لاستناد الكاتب أبو الحسن علي الحسني الندوي على أسلوب سلس وأفكار مرتبة نال إعجاب وقراءة الكثير من الفئات. إن الفرق بين النبي والرسول في الإسلام هو أن الرسول بعثه الله سبحانه وتعالى برسالة وشرع جديد أما النبي فهو من نزل عليه الوحي من الله ليدعوا لعبادة الله على أحد المناهج أو الشرائع التي أنزلها الله على رسله من قبل فالنبي هو المنبأ عن الله والرسول هو الذي أرسله الله وكل رسول نبي وليس كل نبي رسولا.  كتاب النبوة هي الوسيلة الوحيدة   ,"['لخص', 'كتب', 'نبة', 'وسل', 'وحد', 'حسن', 'ندي', 'كثر', 'أثر', 'جال', 'يزد', 'قرء', 'مثل', 'فعل', 'وذل', 'نتج', 'ناد', 'سلب', 'سلس', 'أفكار', 'رتب', 'نال', 'عجب', 'فئت', 'فرق', 'نبي', 'رسل', 'سلم', 'بعث', 'الل', 'سبح', 'على', 'شرع', 'جدد', 'نزل', 'وحي', 'يدع', 'عبد', 'نهج', 'لنب', 'نبأ', 'وكل']"
أبو الحسن علي الحسني الندوي,كتاب واقع العالم الإٍسلامي ,كتب اسلامية , 57 صفحة, دار الصحوة, 737.4 كيلوبايت ميغابايت,    ملخص كتاب واقع العالم الإٍسلامي     تلخيص كتاب واقع العالم الإٍسلامي   للكاتب أبو الحسن علي الحسني الندوي  كتاب واقع العالم الإٍسلامي   للكاتب أبو الحسن علي الحسني الندوي من أكثر الكتب التي لها تأثير في مجالها حيث يزيد عدد القراء لمثل هذه الكتب لما لها من تأثير وفاعلية وذلك نتيجة لاستناد الكاتب أبو الحسن علي الحسني الندوي على أسلوب سلس وأفكار مرتبة نال إعجاب وقراءة الكثير من الفئات.  كتاب واقع العالم الإٍسلامي   ,"['لخص', 'كتب', 'وقع', 'علم', 'سلم', 'حسن', 'ندي', 'كثر', 'أثر', 'جال', 'يزد', 'قرء', 'مثل', 'فعل', 'وذل', 'نتج', 'ناد', 'سلب', 'سلس', 'أفكار', 'رتب', 'نال', 'عجب', 'فئت']"
أبو الحسن علي الحسني الندوي,كتاب الإسلام وأثره في الحضارة ,كتب اسلامية , 125 صفحة, دار الصحوة, 2.9 ميغابايت,    ملخص كتاب الإسلام وأثره في الحضارة     تلخيص كتاب الإسلام وأثره في الحضارة   للكاتب أبو الحسن علي الحسني الندوي  كتاب الإسلام وأثره في الحضارة    للكاتب أبو الحسن علي الحسني الندوي من أكثر الكتب التي لها تأثير في مجالها حيث يزيد عدد القراء لمثل هذه الكتب لما لها من تأثير وفاعلية وذلك نتيجة لاستناد الكاتب أبو الحسن علي الحسني الندوي على أسلوب سلس وأفكار مرتبة نال إعجاب وقراءة الكثير من الفئات. يقدم الكتاب دراسة منهجية دقيقة من خلال بحث كبير يكتبه المفكر و الباحث الكبير أبو الحسن الندوى يوضح خلاله أثر الإسلام فى الحضارة القديمة وكذلك فضله على الإنسان من مختلف الجوانب الإنسانية، ، يقدم الكاتب تلك الدراسة بصورة واضح وأسلوب سلس يسردها خلال فصول الكتاب بلغة واضحة.   كتاب الإسلام وأثره في الحضارة   ,"['لخص', 'كتب', 'سلم', 'أثر', 'حضر', 'حسن', 'ندي', 'كثر', 'جال', 'يزد', 'قرء', 'مثل', 'فعل', 'وذل', 'نتج', 'ناد', 'سلب', 'سلس', 'أفكار', 'رتب', 'نال', 'عجب', 'فئت', 'قدم', 'درس', 'هجي', 'دقق', 'بحث', 'كبر', 'كبه', 'فكر', 'ندى', 'وضح', 'خلل', 'اثر', 'كذل', 'فضل', 'انس', 'خلف', 'جنب', 'انسانية،', 'بصر', 'أسلوب', 'سرد', 'فصل', 'بلغ']"
